[{"model": "classroom.quiz", "pk": 2, "fields": {"owner": 1, "name": "KEAM 2017 paper 1", "subject": 3}},

{"model": "classroom.answer", "pk": 1, "fields": {"question": 1, "text": "$$\\ce{H2O + HCl <=> H3O+ + Cl-}$$", "is_correct": true}}, 
{"model": "classroom.answer", "pk": 2, "fields": {"question": 1, "text": "gdfs", "is_correct": false}}, 
{"model": "classroom.answer", "pk": 3, "fields": {"question": 2, "text": "(a) and (b)", "is_correct": true}}, 
{"model": "classroom.answer", "pk": 4, "fields": {"question": 2, "text": "(a) and (c)", "is_correct": false}}, 
{"model": "classroom.answer", "pk": 5, "fields": {"question": 2, "text": "(a), (b) and (c)", "is_correct": false}}, 
{"model": "classroom.answer", "pk": 6, "fields": {"question": 2, "text": "all", "is_correct": false}}, 
{"model": "classroom.answer", "pk": 7, "fields": {"question": 3, "text": "combination reaction.", "is_correct": false}}, 
{"model": "classroom.answer", "pk": 8, "fields": {"question": 3, "text": "double displacement reaction.", "is_correct": false}}, 
{"model": "classroom.answer", "pk": 9, "fields": {"question": 3, "text": "decomposition reaction.", "is_correct": false}}, 
{"model": "classroom.answer", "pk": 10, "fields": {"question": 3, "text": "displacement reaction.", "is_correct": true}}, 
{"model": "classroom.answer", "pk": 11, "fields": {"question": 4, "text": "Hydrogen gas and iron chloride are produced.", "is_correct": true}}, 
{"model": "classroom.answer", "pk": 12, "fields": {"question": 4, "text": "Chlorine gas and iron hydroxide are produced.", "is_correct": false}}, 
{"model": "classroom.answer", "pk": 13, "fields": {"question": 4, "text": "No reaction takes place.", "is_correct": false}}, 
{"model": "classroom.answer", "pk": 14, "fields": {"question": 4, "text": "Iron salt and water are produce", "is_correct": false}}, 

{"model": "classroom.answer", "pk": 15, "fields": {"question": 5, "text": "45", "is_correct": false}}, 
{"model": "classroom.answer", "pk": 16, "fields": {"question": 5, "text": "45\\(\\pi\\)", "is_correct": true}}, 
{"model": "classroom.answer", "pk": 17, "fields": {"question": 5, "text": "250\\(\\pi\\)", "is_correct": false}}, 
{"model": "classroom.answer", "pk": 18, "fields": {"question": 5, "text": "250", "is_correct": false}}, 
{"model": "classroom.answer", "pk": 19, "fields": {"question": 5, "text": "450", "is_correct": false}}, 
{"model": "classroom.answer", "pk": 20, "fields": {"question": 6, "text": "can be decreased by increasing the number of readings and averaging them", "is_correct": true}}, 
{"model": "classroom.answer", "pk": 21, "fields": {"question": 6, "text": "can be decreased by changing the person who takes the reading", "is_correct": false}}, 
{"model": "classroom.answer", "pk": 22, "fields": {"question": 6, "text": "can be decreased by using new instrument", "is_correct": false}}, 
{"model": "classroom.answer", "pk": 23, "fields": {"question": 6, "text": "can be decreased by using a different method in taking the reading", "is_correct": false}}, 
{"model": "classroom.answer", "pk": 24, "fields": {"question": 6, "text": "can never be decreased", "is_correct": false}}, 
{"model": "classroom.answer", "pk": 25, "fields": {"question": 7, "text": "4.99 s", "is_correct": true}}, 
{"model": "classroom.answer", "pk": 26, "fields": {"question": 7, "text": "5.0 s", "is_correct": false}}, 
{"model": "classroom.answer", "pk": 27, "fields": {"question": 7, "text": "5.00 s", "is_correct": false}}, 
{"model": "classroom.answer", "pk": 28, "fields": {"question": 7, "text": "4.9 s", "is_correct": false}}, 
{"model": "classroom.answer", "pk": 29, "fields": {"question": 7, "text": "5.1 s", "is_correct": false}}, 
{"model": "classroom.answer", "pk": 30, "fields": {"question": 8, "text": "\\(40 km/h^2\\)", "is_correct": true}}, 
{"model": "classroom.answer", "pk": 31, "fields": {"question": 8, "text": "\\(80 km/h^2\\)", "is_correct": false}}, 
{"model": "classroom.answer", "pk": 32, "fields": {"question": 8, "text": "\\(100 km/h^2\\)", "is_correct": false}}, 
{"model": "classroom.answer", "pk": 33, "fields": {"question": 8, "text": "\\(120 km/h^2\\)", "is_correct": false}}, 
{"model": "classroom.answer", "pk": 34, "fields": {"question": 8, "text": "\\(160 km/h^2\\)", "is_correct": false}}

]
